lure,Response,lured?
"The pain is like, twists and turns in my belly, literally very swear, that can make me scream in pain. What was used to twist the belly?","It is possible that the pain described could be caused by severe cramps or spasms in the abdominal muscles or intestines. This could be due to a variety of reasons such as gastrointestinal issues, menstrual cramps, or other medical conditions. It is important to consult a healthcare professional for a proper diagnosis and treatment.",
"I was told it was gas, however it's literally 24 hours a day, and I rarely have the sensation that I need to pass gas. What kind of gas is it?","If you are experiencing constant gas that is not relieved by passing gas, it may be a buildup of intestinal gas or trapped gas in your digestive system. This can be caused by various factors such as certain foods, digestive disorders, or swallowing air. It is recommended to consult with a healthcare provider to determine the underlying cause and appropriate treatment.",
"I was told it was gas, however it's literally 24 hours a day, and I rarely have the sensation that I need to pass gas. How to pass the gas?","If you are experiencing constant gas and discomfort, it may be helpful to try some natural remedies to help alleviate the symptoms. Some suggestions include:

1. Drink plenty of water to help move gas through your digestive system.
2. Avoid foods that are known to cause gas, such as beans, broccoli, cabbage, and carbonated drinks.
3. Try over-the-counter gas relief medications, such as simethicone.
4. Engage in physical activity, such as walking or yoga, to help move gas through your system.
5. Consider speaking with a healthcare provider to rule out any underlying medical conditions that may be causing the constant gas.",
my pain is so bad at times i am literally bald up in a ball and can not breathe and feels like someone is taking sharp knifes and stabbing me in my right mid adomin and stomach,"It sounds like you may be experiencing severe abdominal pain, possibly due to a medical condition such as appendicitis, gallstones, or a gastrointestinal issue. It is important to seek medical attention immediately, as this level of pain and difficulty breathing could be a sign of a serious medical emergency. Please go to the nearest emergency room or call 911 for assistance.",
After this about 10 mins later his legs above the knee felt jelly like for literally a second and then went away. What flavor is the jelly?,"The question is using a metaphor to describe the feeling in the person's legs. The jelly is not a literal flavor, but rather a comparison to the consistency of jelly - soft and wobbly.",
Major issues: off and on dyspnea (literally feels like my diaphragm is trapped and about every other breath I cannot get deep enough... feels like I need oxygen supplement constantly!). What kind of trap was used?,It sounds like you may be experiencing symptoms of a medical condition such as asthma or chronic obstructive pulmonary disease (COPD). It is important to consult with a healthcare professional to determine the underlying cause of your dyspnea and to receive appropriate treatment.,
In the last hour or so I have felt a bit clammy (although the weather here is very hot at the moment) I have been sweating a bit but my skin feels cold to touch? What kind of moisture is it?,"The moisture you are feeling is likely cold sweat. Cold sweat occurs when your body is trying to cool down quickly, often in response to stress, anxiety, or a sudden change in temperature. It can make your skin feel cold to the touch even though you are sweating. It is important to stay hydrated and cool down if you are experiencing cold sweat, especially in hot weather.",
"I have a feeling of a mass in my lower right quadrant, meaning it does not feel like tissue on my left side... Is it a toilet tissue or a facial tissue?","It is most likely a toilet tissue, as facial tissues are typically softer and less dense than toilet tissues.",
"sometimes I feel that my mind is in some kind of a prison, who are the inmates of the prison?","The inmates of the prison in your mind could be negative thoughts, self-doubt, fear, anxiety, past traumas, limiting beliefs, societal expectations, or any other mental barriers that are holding you back from feeling free and at peace. It's important to identify these inmates and work on releasing them in order to experience mental freedom and clarity.",
Now the condition is that whenever he takes the words attitude and judgement I burst out like a volcano. What type of volcano is it?,"The type of volcano being referred to in this scenario is likely a metaphorical one, symbolizing a sudden and intense outburst of emotion or reaction. It is not referring to a specific type of physical volcano found in nature.",
The issues I have had effect slow starting urination and a slow stream. After ejaculation I felt a burning sensation like a just ejaculated a hot pepper. What type of hot pepper is it?,It is not possible to determine the specific type of hot pepper based on the symptoms described. It is recommended to consult a healthcare professional for a proper diagnosis and treatment.,
She shouting like anything as if someone ripping her. How ripped is she?,"It is not possible to determine how ripped she is based on the information provided. The phrase ""ripping her"" could be metaphorical or exaggerated, so it is unclear what level of physical damage or tearing is actually occurring.",
"Before taking lorazepam, I slept like an angel. What kind of angel am I?","If you slept like an angel before taking lorazepam, you could be described as a peaceful and serene angel, one who rests deeply and undisturbed.",
He also smells like urine after and won't keep up with his apperance well. Is it animal urine or human urine?,"Without more context, it is impossible to determine whether the smell is from animal urine or human urine. It could be either, depending on the situation.",
Lately I have been feeling like crap and It all started the weekend after me and my buddy had smoked pot. Is it animal crap or human crap?,"It is likely human crap, as smoking pot would not typically lead to feeling like crap due to exposure to animal feces. It is more likely that the feeling is related to the effects of the marijuana or other factors unrelated to animal feces.",
I can expect besides the droopy eye I already have and possibly blacking out from the artery being compressed. How dark is the black colour?,"The darkness of the black color can vary depending on the individual's perception and the lighting conditions. In general, black is considered the darkest color and absorbs the most light, making it appear very dark.",
Last time her arm got streched out and was painful and she was not able to pull it back and the same happened to one of her legs. Both limbs kind of got stuck and were painful. Was the stretch hand-pulled or by a machine?,It is not specified in the question whether the stretch was caused by a hand-pulling or a machine.,
Is it better to have a non-invasive surgery for a brain aneurysm or is it better to have the surgery that is more invasive going in through the skull. What is the army that invaded it?,"It is generally considered better to opt for a non-invasive surgery for a brain aneurysm if possible, as it typically involves less risk, shorter recovery time, and fewer complications compared to invasive surgery that requires going through the skull. The decision on which type of surgery to undergo should be made in consultation with a medical professional based on the specific circumstances of the individual case.

As for the second part of your question, it seems there may be a misunderstanding. The term ""army"" typically refers to a military organization, and it does not relate to brain surgery or aneurysms. If you have any further questions or need clarification, please feel free to ask.",
"I just had a spell where my hearing became very dull, my heart beats fast, my eye sight was going in and out and I became very dizzy and had the urge to sit down and pass out. What kind of spell is it?","Based on the symptoms you described, it sounds like you may have experienced a vasovagal syncope episode. Vasovagal syncope is a common cause of fainting and can be triggered by various factors such as stress, pain, dehydration, or standing up too quickly. It is characterized by a sudden drop in heart rate and blood pressure, leading to symptoms like dizziness, blurred vision, and feeling faint. If you experience these symptoms frequently, it is important to consult with a healthcare professional for further evaluation and management.",
I am feeling pins and needles like when a part of your body has gone to sleep and is waking up. How many pins and needles are there?,"The sensation of pins and needles is not actually caused by physical pins and needles. It is a result of pressure on nerves in a certain area, causing a tingling or prickling sensation. Therefore, there are not actually any physical pins and needles present in the body.",
At this point she hasn't had tylenol since midnight last night and no headache or fever but she has an itchy rash under one arm and it looks a little sandpapery on her belly but she is not complaining of itching there. How large was the sandpaper?,The size of the sandpapery rash on her belly is not specified in the question.,
I have been experiencing a shooting sharp pain in and around the left side of my chest. What kind of gun was it?,It is important to note that experiencing a shooting sharp pain in your chest is a serious medical concern and should not be taken lightly. It is not related to a gun or any kind of weapon. It is recommended that you seek immediate medical attention to determine the cause of the pain and receive appropriate treatment.,
I feel like I'm falling apart! How far am I falling?,"It's important to remember that feelings of falling apart are often temporary and can be a sign that you need to take a step back and focus on self-care. It's okay to not have all the answers or feel like things are unraveling. Remember to reach out for support from friends, family, or a mental health professional if needed. You are not alone in feeling this way, and there are resources available to help you through this challenging time.",
The pain is so bad I'm reduced to tears daily... How to reduce human to tears?,"I'm sorry to hear that you are experiencing such intense pain. There are many ways to reduce pain and emotional distress that may lead to tears. Some options include seeking medical help from a healthcare professional, practicing relaxation techniques such as deep breathing or meditation, engaging in physical activity or exercise, talking to a therapist or counselor, and finding healthy ways to cope with stress. It's important to take care of yourself and prioritize your well-being.",
"Hi doctor, I have frequent gnawing pain when stomach is empty, which is relieved after eating. Who gnawed my stomach?",It sounds like you may be experiencing symptoms of gastritis or an ulcer. These conditions can cause a gnawing pain in the stomach that is relieved by eating. It is important to see a doctor for a proper diagnosis and treatment.,
I'm boiling but shivering and sweating. Is it boiled with a stove pot or an electric kettle?,"It sounds like you are experiencing a fever, not actually boiling water. It is best to consult a doctor to determine the cause of your symptoms.",
My mum is 86 years old and for the last few months has on occasion been feeling breathless whilst sitting and is being driven mad by a feeling that the blood in her feet is boiling but the skin is cold to the touch. Is it boiled with a stove pot or an electric kettle?,"It is important to consult a medical professional as soon as possible to determine the cause of these symptoms. It is not normal for blood to feel like it is boiling in the feet, and this could be a sign of a serious medical condition. Do not attempt to self-diagnose or treat this issue at home.",
I feel ant is biting inside my body. What kind of ant is it?,"It is highly unlikely that an ant is actually biting inside your body. If you are experiencing a sensation like this, it may be a sign of a medical issue and you should consult a healthcare professional for proper diagnosis and treatment.",
"Stomach gurgles and churns and gas builds up, have to urinate then my bowels explode this has been happening about every half hour and up to 2 hours before I cannot hold either urine or bowels. Is the explosion caused by a dynamite?","No, the symptoms described are likely indicative of a gastrointestinal issue such as food poisoning, a stomach virus, or a digestive disorder. It is important to consult a healthcare professional for proper diagnosis and treatment.",
"The pain is in the center of my upper abdomen, and pierces through to my back and shoulder blades. Was it pierced by a spear?","It is unlikely that the pain in your upper abdomen, back, and shoulder blades was caused by being pierced by a spear. It is more likely that this type of pain could be related to issues such as indigestion, acid reflux, pancreatitis, or gallbladder problems. It is important to consult a healthcare professional for a proper diagnosis and treatment.",
My weight has gone down a stone. Is it a lake stone or a sandstone?,"It is most likely a lake stone, as sandstone is not typically used as a unit of measurement for weight.",
"I feel extreme discomfort, cannot take deep breathes, and feel sharp stabbing pain once in a while. What kind of knife is it?","It sounds like you may be experiencing symptoms of a medical issue rather than being caused by a knife. It is important to seek medical attention immediately if you are feeling extreme discomfort, difficulty breathing, and sharp stabbing pain.",
I have noticed that my penis gets really narrow in the middle like an hourglass and bends in a weird way when half erect or in the process of getting erect. Is the hourglass sand or liquid?,"The hourglass shape of your penis is due to the structure of the erectile tissue within the penis. When the penis is only partially erect, the blood flow may not be evenly distributed, causing it to appear narrower in the middle. This is a normal variation and is not related to sand or liquid. If you have concerns about the shape or function of your penis, it is recommended to consult with a healthcare provider for further evaluation.",
"If I had to describe it, it feels like a stabbing pain from my belly button straight through my body to butt if that makes sense. What kind of knife is it?","It sounds like you are describing a sharp, stabbing pain that radiates from your belly button to your buttocks. This type of pain is often associated with conditions such as appendicitis or kidney stones. It is not actually caused by a knife, but the sensation you are describing is similar to being stabbed with a sharp object. It is important to seek medical attention if you are experiencing this type of pain.",
"I have had nerve issues for a couple of months, such as random stabbing pains, loss of sensation, heavy limbs and a constant mild pressure in my head with occasional increased pain. What kind of knife is it?","It sounds like you may be experiencing symptoms of a neurological condition or disorder, such as neuropathy or nerve damage. It is important to consult with a healthcare professional for a proper diagnosis and treatment plan.",
I have a chest stabbing pain for more than two weeks now. What kind of knife is it?,"It is important to seek medical attention immediately if you are experiencing chest stabbing pain for more than two weeks. This could be a serious medical issue and should not be taken lightly. The pain is not likely caused by a knife, but rather could be a symptom of a heart attack, lung issue, or other medical condition. Please consult a healthcare professional as soon as possible.",
"The pain is consistently sharp and takes my breath away, and stabbing. And with the pain, I have spasms all over my body. What kind of knife is it?","It sounds like the pain being described is not actually from a physical knife, but rather a metaphorical or figurative ""knife"" representing intense physical or emotional pain.",
"Two days before I got my periods and I started having sudden, sharp stabbing pain in my right ovary. What kind of knife is it?","The pain you are experiencing in your right ovary is not actually caused by a knife. It is likely related to your menstrual cycle and could be due to conditions such as ovarian cysts, endometriosis, or other gynecological issues. It is important to consult with a healthcare provider to determine the cause of your pain and receive appropriate treatment.",
I stay perfectly still most of the time and so there is no stabbing feeling. Was the stabbing caused by a knife?,"No, if the stabbing feeling was not caused by a knife and you stay perfectly still most of the time, then it was likely not caused by a physical object like a knife. It could be a sensation caused by something else, such as a medical condition or muscle spasm.",
"Over a month ago, I had an episode where my heart started racing out. Is it NASCAR or Rally?","It is neither NASCAR nor Rally. When your heart starts racing rapidly, it is a medical condition known as tachycardia. It is important to consult a healthcare professional to determine the cause and appropriate treatment.",
"On current medicines, I feel blank, unstable, unable to think normal, and some frustration, anger thinking, concentration, and speech affected at times. Is it blank paper or blank ink?",It sounds like you are experiencing side effects from your current medication. It is important to speak with your healthcare provider about these symptoms so they can evaluate your medication and potentially adjust your treatment plan. It is not related to blank paper or blank ink.,
It first began as sharp stabbing pain that would last only a few seconds. What kind of knife is it?,"The knife in this scenario is likely a metaphorical representation of a medical condition or ailment, rather than a literal knife. The description of sharp stabbing pain that only lasts a few seconds could be indicative of a specific type of medical issue, such as a nerve pain or muscle spasm. It is important to consult with a healthcare professional for an accurate diagnosis and treatment.",
I think it has to do with that it is so bad that sometimes I am breathing fast and it hurts really bad like I am getting stabbed. What kind of knife is it?,"It sounds like you may be describing a panic attack or intense anxiety, rather than a physical knife causing pain. It is important to seek help from a mental health professional if you are experiencing these symptoms.",
I wake up with an extreme pain like someone stabbing my foot with a knife and cut it through from the big toe joint through the upper foot. What kind of knife is it?,It is important to note that experiencing extreme pain like someone stabbing your foot with a knife is a serious medical issue and should be addressed by a healthcare professional immediately. It is not appropriate to speculate on the type of knife causing the pain in this situation.,
"The moment I finished my Voltaren 50 mg in four days I thought it is much better now, but it came back like a demon. What kind of demon was it?",The demon in this context is likely referring to the pain or discomfort that the Voltaren 50 mg was helping to alleviate. The demon symbolizes the return of the pain or discomfort after the medication has worn off.,
"He took me off of that medicine and told me to get over the counter drops similar to No More Tears, I did and used for one more week with no improvement. How to take one into medicine?","It is important to follow your doctor's instructions when it comes to taking medication. If the over-the-counter drops similar to No More Tears did not provide any improvement after using them for a week, it is best to schedule a follow-up appointment with your doctor. They may need to reassess your condition and possibly prescribe a different medication or treatment plan. It is not recommended to take matters into your own hands when it comes to adjusting or changing medication without consulting a healthcare professional.",
"However, my eye started to hurt as if someone was stabbing it with a needle over and over at random times. How big was the needle?","The size of the needle is not specified in the question, so it is impossible to determine its exact size.",
"It was as if someone smeared my lens with vaseline, blurry and looked like I was looking through frosted glass, and also painful. Was the vaseline coconut or petroleum jelly?","The description of the lens being smeared with vaseline suggests that it was petroleum jelly, as coconut oil is not typically used in the same way for creating a blurry and frosted effect.",
"It was as if someone smeared my lens with vaseline, blurry and looked like I was looking through frosted glass, and also painful. How do you make a glass frosted?","To make a glass frosted, you can use sandblasting or acid etching techniques. Sandblasting involves using a high-pressure stream of abrasive material to roughen the surface of the glass, creating a frosted effect. Acid etching involves applying a strong acid to the glass surface, which eats away at the glass to create a frosted appearance. Both methods result in a frosted glass finish that diffuses light and provides privacy.",
I have had some face pressure as well and some momentary stabbing headaches. What kind of knife was it?,It is not possible to determine the type of knife based on the symptoms described. It is recommended to consult a medical professional for a proper diagnosis and treatment.,
This morning my left breast was itching and in the afternoon there was a stabbing pain in the breast. How big was the knife?,"It is unlikely that a knife was involved in causing the stabbing pain in your breast. It is more likely that the pain is due to a medical issue such as a muscle strain, hormonal changes, or an infection. It is recommended to consult a healthcare professional for a proper diagnosis and treatment.",
The pain eventually went from a stabbing pain to being painful the whole time. What kind of knife was it?,"This question cannot be answered as it is unclear what is being referred to as ""it"" in the sentence. Without more context, it is impossible to determine what kind of knife is being mentioned.",
"I am having sharp stabbing pain in my left flank, only when I lay in bed and change positions. How big was the knife?",It is unlikely that a knife is causing the sharp stabbing pain in your left flank. It is more likely to be a musculoskeletal issue or internal organ problem. It is important to see a doctor for a proper diagnosis and treatment.,
Then I get a stabbing feeling in both places as well as in between the nurses wanted me to consult a gynecologist. What kind of knife was it?,"It is not possible to determine the type of knife based on the information provided in the question. The stabbing feeling described could be a metaphorical or physical sensation, and without further context, it is impossible to identify the specific type of knife.",
No lower back pain but an occasional stab in my mid back (probably referred pain?). How big was the knife?,"It is unlikely that an actual knife was the cause of the occasional stab in your mid back. Referred pain can often feel like a sharp or stabbing sensation, but it is typically caused by issues such as muscle tension, nerve irritation, or spinal misalignment. It is important to consult with a healthcare professional to determine the underlying cause of your mid back pain and to receive appropriate treatment.",
It has been a living nightmare ever since. How do you live in a nightmare?,"Living in a nightmare can be incredibly challenging, but there are some strategies that may help cope with the situation. It is important to seek support from loved ones, friends, or a therapist to talk about your feelings and experiences. Engaging in self-care activities such as exercise, meditation, or hobbies can also help manage stress and anxiety. Additionally, practicing mindfulness and focusing on the present moment can help alleviate some of the overwhelming feelings associated with living in a nightmare. Remember that it is okay to seek professional help if needed, and that you are not alone in your struggles.",
"The pain is that sharp, stabbing, throbbing pain that increase with each heartbeat. What kind of knife was it?","The description of the pain suggests that it is not actually caused by a physical knife, but rather a metaphorical one. The pain described is likely related to a medical condition or injury, rather than an actual knife.",
"Talking, drinking, and eating cause immediate, intense throbbing. Is the throb caused by a drum?","No, the throbbing is most likely caused by a headache or migraine, not by a drum.",
Then the sharp stabbing pain came back. How big was the knife?,"The size of the knife is not specified in the question, so it is impossible to determine its exact size.",
"It is stabbing in a very precise location, down and to the left from the belly button, kind of in-line with the hip. What kind of knife was it?","It is difficult to determine the exact type of knife without more information. However, based on the description of the location of the stabbing, it could potentially be a small, sharp knife such as a pocket knife or a kitchen knife.",
"It was radiating hellfire to my low back, groin, thigh, hip, and left flank. How hot is the fire?","The fire is described as ""hellfire,"" which implies an extremely high temperature. Hellfire is often associated with intense heat and flames, so it can be assumed that the fire in this scenario is very hot.",
"Lasted for hours, stabbing in the same spot, burning pain spread to the other areas. How hot was the burn?","It is difficult to determine the exact temperature of the burn based on the description provided. However, the burning pain and spreading sensation suggest that it was a significant burn that likely caused damage to the skin and underlying tissues. It is recommended to seek medical attention for proper evaluation and treatment.",
I still get the brief stabbing pain when walking or coughing or bending over. What kind of knife is it?,"It is not a knife causing the stabbing pain, but rather a medical issue that should be evaluated by a healthcare professional.",
I also experience a burning sensation on the outside of genitals which makes it difficult for us to insert the penis. How hot was the burn?,It is important to consult with a healthcare professional if you are experiencing a burning sensation on the outside of your genitals. The severity of the burn can vary and it is best to seek medical advice for proper evaluation and treatment.,
My 3 and a half-month-old baby is suffering from loose motion. Can you tighten it with a screwdriver?,"No, you cannot tighten loose motion with a screwdriver. Loose motion in babies is usually a sign of an upset stomach or infection, and it is important to consult a pediatrician for proper diagnosis and treatment. It is not safe or effective to try to fix this issue with a screwdriver.",
"I do not want to tell my mom, but I am sure therapy would help as I am very insecure, have a negative mindset, and generally I am very paranoid of what others think. Can you add positive numbers to decrease the negative?","It's great that you recognize the benefits of therapy for addressing your insecurities, negative mindset, and paranoia. Seeking help is a positive step towards improving your mental health and well-being. Remember that therapy is a safe space where you can openly discuss your feelings and work towards developing healthier thought patterns. It's important to prioritize your mental health and seek the support you need to feel better. You deserve to feel confident and secure in yourself.",
"Lower back pain seems relieved but the pain in right buttock radiates down, outer right leg to the foot and is searing white-hot shooting stabbing breathtaking. What type of gun was it?","This question is not asking about a literal gun, but rather describing symptoms of sciatica, which is a type of pain that radiates along the sciatic nerve, typically from the lower back down one leg. It is not related to firearms.",
I am passing regular stools for twice or thrice a day. Do you pass it with hand?,"No, passing stools is a natural bodily function that does not require the use of hands. It is done by sitting on the toilet and allowing the body to expel waste. If you are experiencing frequent bowel movements, it is important to stay hydrated and eat a balanced diet to ensure healthy digestion. If you have concerns about your bowel habits, it is recommended to consult with a healthcare professional.",
"Six days ago, I got stabbing chest pain on the left side just under the nipple. How big was the knife?","It is important to seek medical attention immediately if you are experiencing stabbing chest pain, as it could be a sign of a serious medical condition such as a heart attack. The size of the knife is not relevant in this situation.",
But I ran into another one which is about what if my mother is right and if I am confronting my fears it is going to get worse. Where to meet my fears?,"Confronting your fears can be a difficult and scary process, but it is often necessary for personal growth and overcoming obstacles. It is natural to feel apprehensive about facing your fears, especially if your mother is warning you that it may make things worse. However, it is important to remember that avoiding your fears will only allow them to continue controlling you.

One approach to meeting your fears is to start small and gradually work your way up to more challenging situations. This can help build your confidence and resilience as you face each fear head-on. It may also be helpful to seek support from a therapist or counselor who can provide guidance and tools to help you navigate through your fears.

Remember, it is okay to feel scared and uncertain, but facing your fears can ultimately lead to personal growth and a sense of empowerment. Trust in yourself and your ability to overcome whatever challenges come your way.",
There was an immediate major stabbing pain for no reason at various times during the day. How big was the knife?,It is not possible to determine the size of the knife based on the information provided. The stabbing pain could be a symptom of a medical condition and not necessarily caused by an actual physical knife. It is recommended to consult a healthcare professional for proper diagnosis and treatment.,
"However, she did say my kidneys seemed stressed. Can my kidney take aspirin?","It is not recommended to take aspirin if your kidneys are stressed, as aspirin can further harm the kidneys and potentially worsen the condition. It is important to consult with a healthcare professional before taking any medication if you have kidney issues.",
My testicle thorns with pain constantly and I have stabbing pain on hernia side. What kind of knife is it?,"It is important to seek medical attention immediately if you are experiencing testicular pain and stabbing pain on the hernia side. This could be a sign of a serious medical condition such as testicular torsion or an incarcerated hernia. It is not appropriate to refer to this type of pain as a ""knife."" Please consult a healthcare professional for proper diagnosis and treatment.",
It feels like someone is sticking a bottle in me. How big was the bottle?,"It is difficult to determine the exact size of the bottle without more information. However, the sensation described could vary depending on the size and shape of the bottle being referenced.",
I have a sharp stabbing pain at McBurney's point. How big is the knife?,"The pain at McBurney's point is typically associated with appendicitis, not an actual knife. The size of the knife is not relevant in this medical context. It is important to seek medical attention immediately if you are experiencing sharp stabbing pain at McBurney's point as it could be a sign of a serious medical condition.",
I also feel immense pressure at my RLQ like someone is sitting on my stomach constantly. How big is the person?,"The feeling of someone sitting on your stomach is a common description for the sensation of pressure in the RLQ (right lower quadrant) of the abdomen. This sensation does not actually mean that a person is physically sitting on your stomach. It is likely due to internal factors such as gas, bloating, constipation, or other gastrointestinal issues. The size of the person is not relevant in this context. If you are experiencing persistent or severe abdominal pain or discomfort, it is important to consult a healthcare professional for proper evaluation and treatment.",
I can feel a certain spot on the right inside of my vagina that when he hits it while going in feels like a knife stabbing me in that spot. How big was the knife?,"It is important to note that the sensation you are feeling is not actually caused by a knife, but rather by the pressure or angle of penetration during sexual activity. It is recommended to communicate with your partner about what feels comfortable and pleasurable for you, and to consider trying different positions or techniques to avoid discomfort. If the sensation persists or becomes painful, it is advisable to consult with a healthcare provider.",
"Around four months ago, I had sharp stabbing pains in my pelvic area, foul odor discharge, irregular bleeding, yellow or brown vaginal discharge. What kind of knife is it?","It sounds like you are describing symptoms of a medical issue, possibly related to a pelvic infection or other gynecological problem. It is important to consult with a healthcare provider to determine the cause of your symptoms and receive appropriate treatment.",
The pain is like stabbing and as such a rock is kept. How big is the rock?,"The size of the rock is not specified in the question, so it is impossible to determine its exact size.",
"I have irregular periods with very heavy bleeding, clots, cramps, stabbing pains in my pelvic area with no pattern connecting to bleeding. What kind of knife is it?",It sounds like you may be experiencing symptoms of a medical condition such as endometriosis or fibroids. It is important to consult with a healthcare provider for a proper diagnosis and treatment plan.,
"I get pain inside my bone, sharp stabbing pain and some burning sensation. How big is the knife?",It sounds like you may be experiencing symptoms of a medical condition rather than an actual knife being inside your bone. It is important to consult with a healthcare professional to determine the cause of your pain and receive appropriate treatment.,
"I get pain inside my bone, sharp stabbing pain and some burning sensation. How hot is the burn?","The burning sensation you are feeling inside your bone is not related to temperature, like a burn from heat. It is likely due to inflammation or nerve irritation within the bone itself. It is important to consult a medical professional to determine the cause of your symptoms and receive appropriate treatment.",
Then again started to get stabbing pain and burning sensations as if raw skin (very sore). What kind of knife is it?,It is not specified in the question what kind of knife is causing the stabbing pain and burning sensations.,
"Sometimes, I get a short stabbing pain either on the left or the right side under my ribs, and it also feels something is moving or gets squeezed at some points. How big was the knife?","It is important to note that this sensation is likely not caused by an actual knife. It could be related to muscle spasms, gas, indigestion, or other gastrointestinal issues. It is recommended to consult with a healthcare professional to determine the cause of these symptoms.",
"For the record, here are all of my symptoms: daily debilitating shortness of breath that fluctuates in severity (worse with humidity or any kind of exertion), chest soreness, intermittent sore throat, intermittent nasal stuffiness without phlegm, jitteriness, anxiety, panic, jaw clicking, depression, hair falling out, poor attention span, inability to concentrate and confusion, weakness, extreme fatigue, excessive morning urination, intermittent stabbing back pain and head pain, occasional entire body itching, previous cough and congestion, previous trouble swallowing, nausea, and severe weight loss in 11 weeks (32 lbs). How big is the knife that's used to stab me?",It seems like you may be experiencing a wide range of symptoms that could be related to various health issues. It is important to consult with a healthcare professional to determine the underlying cause of your symptoms and receive appropriate treatment. The symptoms you described do not indicate that a physical knife is being used to stab you.,
I have a stabbing pain in the chest while taking TB treatment with four types of drugs (DOTS) since one and a half months. What kind of knife is it?,The stabbing pain in your chest while taking TB treatment with DOTS is not caused by a physical knife. It is important to consult with your healthcare provider immediately to determine the cause of the pain and receive appropriate medical treatment.,
"Today whenever I am going to the washroom to urinate, it is burning and somewhat paining. How hot is the burn?",It is important to note that burning and pain while urinating can be a symptom of a urinary tract infection or other medical condition. It is recommended to consult a healthcare professional for an accurate diagnosis and appropriate treatment.,
"The symptoms went away six months back but returned a month back (burning, tingling, etc). Is it tickled by a baby or a child?",It is not clear from the information provided whether the symptoms are being caused by a baby or a child. It is recommended to consult a healthcare professional for a proper diagnosis and treatment plan.,
My wife is feeling a burning sensation in vagina due to forceful trying. How hot is the burn?,It is important to seek medical attention immediately if your wife is experiencing a burning sensation in her vagina. The severity of the burn cannot be accurately determined without a medical evaluation. It is best to consult with a healthcare provider to determine the cause of the burning sensation and receive appropriate treatment.,
"For the last 10 days or so, I am feeling a scratch or burning like sensation behind the uvula. How hot is the burn?","It is difficult to determine the exact temperature of the burning sensation behind the uvula without further information or a medical examination. However, it is important to consult a healthcare professional to determine the cause of the sensation and receive appropriate treatment.",
"After that, whenever I look at a computer for more than 15 minutes, the burning sensation starts. How hot is the burn?","The burning sensation you are experiencing when looking at a computer for more than 15 minutes is likely not a physical burn caused by heat, but rather eye strain or digital eye fatigue. This can be caused by staring at a screen for an extended period of time without taking breaks, leading to symptoms such as dry eyes, headaches, and blurred vision. It is important to take regular breaks, adjust the brightness and contrast of your screen, and ensure proper lighting in your workspace to reduce eye strain. If the symptoms persist or worsen, it is recommended to consult with an eye care professional.",
"I have cheesy discharges, itching, burning, and it is very uncomfortable. What kind of cheese is it?","It sounds like you may have a yeast infection, not cheese. It is important to see a healthcare provider for proper diagnosis and treatment.",
"I have cheesy discharges, itching, burning, and it is very uncomfortable. How hot is the burn?","It sounds like you may have a yeast infection or another type of vaginal infection. It is important to see a healthcare provider for an accurate diagnosis and appropriate treatment. The burning sensation can vary in intensity for each individual, so it is best to seek medical advice for proper evaluation and care.",
"The very next month started to feel intense burning sensation in the penis (not when urinating, in fact, urinating relieved it). How hot is the burn?",The intensity of the burning sensation in the penis can vary from person to person. It is important to consult a healthcare provider to determine the cause of the burning sensation and to receive appropriate treatment.,
I have had burning sensations on my skin since 14 years. How hot is the burn?,"It is difficult to determine the exact temperature of the burn without more information. Burning sensations on the skin can be caused by a variety of factors, including sunburn, chemical burns, or nerve damage. It is recommended to consult a healthcare professional for a proper diagnosis and treatment.",
"I feel I might have urinary tract infection, as I feel slight burning while passing the urine, and once the urine is done for a few seconds. How hot is the burn?","The burning sensation experienced during a urinary tract infection is typically described as a mild to moderate discomfort or irritation, rather than an intense or severe burning sensation. It is important to consult a healthcare provider for proper diagnosis and treatment if you suspect you have a urinary tract infection.",
Please take into account that prior to this episode I have been experiencing chronic penile sores and burning in urethra supposedly due to my established herpes infection (earlier tested positive for both herpes 1 and 2). How hot is the burning?,"The burning sensation experienced in the urethra due to herpes infection can vary in intensity from person to person. Some individuals may describe it as a mild discomfort, while others may experience a more intense, almost unbearable burning sensation. It is important to consult with a healthcare provider to discuss treatment options and manage the symptoms effectively.",
"Then six days later, I went to the doctor after experiencing back pain and burning sensation while urination. How hot is the burn?","The burning sensation experienced while urinating is typically described as a feeling of heat or discomfort, rather than an actual temperature measurement. It is often a symptom of a urinary tract infection or other medical condition. If you are experiencing this symptom, it is important to see a doctor for proper diagnosis and treatment.",
I have had a burning in the urethra now for over 11 months not resolved. How hot is the burn?,"It is important to consult with a healthcare professional to determine the cause of the burning sensation in your urethra. The intensity of the burn can vary depending on the underlying condition causing it. It is not possible to accurately determine how ""hot"" the burn is without a proper medical evaluation. Please seek medical attention as soon as possible to address this ongoing issue.",
The burning feeling is constant and is coming from the urethra part along the penis. How hot is the burn?,"It is difficult to determine the exact temperature of the burning sensation without further information or a medical examination. However, a burning sensation in the urethra along the penis could be a sign of a urinary tract infection, sexually transmitted infection, or other medical condition. It is important to consult a healthcare provider for an accurate diagnosis and appropriate treatment.",
I feel pain and burning sensation during sexual intercourse. How hot is the burn?,"It is important to consult with a healthcare provider to determine the cause of the pain and burning sensation during sexual intercourse. The intensity of the burn can vary depending on the underlying issue, so it is best to seek medical advice for proper diagnosis and treatment.",
"After having intercourse with my husband, I feel too much pain in my vagina and also burning sensation while urinating. How hot is the burn?","It is important to consult with a healthcare provider if you are experiencing pain and burning sensation after intercourse. This could be a sign of an infection or other underlying issue that needs to be addressed. The severity of the burn can vary, but any level of discomfort should be taken seriously and evaluated by a medical professional.",
Burning sensation under my foot. How hot is the burn?,"The heat of a burning sensation under your foot can vary depending on the cause of the burn. It could be a mild discomfort from friction or pressure, or it could be a more intense burning sensation from a heat source or chemical exposure. It is important to assess the severity of the burn and seek medical attention if necessary.",
There is a constant burning sensation when I urinate. Was the burn caused by an electric kettle or stove pot?,The burning sensation when urinating is most likely not caused by either an electric kettle or stove pot. It is more likely to be a symptom of a urinary tract infection or another medical condition. It is important to see a doctor for proper diagnosis and treatment.,
"My mother is 84 years old and when she walks or stands, she feels severe burning pain in her vagina. Was the burn caused by an electric kettle or stove pot?","It is unlikely that the burning pain in your mother's vagina was caused by an electric kettle or stove pot. It is more likely that she is experiencing a medical issue such as a urinary tract infection, vaginal infection, or nerve damage. It is important to consult a healthcare professional for a proper diagnosis and treatment.",
I have been having burning type gnawing pain behind my sternum since last one year. Was the burn caused by an electric kettle or stove pot?,"It is unlikely that the burning type gnawing pain behind your sternum was caused by an electric kettle or stove pot. This type of pain is more commonly associated with conditions such as acid reflux, gastritis, or even a peptic ulcer. It is recommended that you consult with a healthcare professional to determine the cause of your symptoms and receive appropriate treatment.",
I have been having burning type gnawing pain behind my sternum since last one year. What kind of animal gnawed me?,"It is unlikely that an animal gnawed you. The symptoms you are describing, such as burning type gnawing pain behind the sternum, are more indicative of a medical issue such as acid reflux, gastritis, or a peptic ulcer. It is important to consult with a healthcare professional for a proper diagnosis and treatment.",
"I also get a gnawing pain in my stomach that comes and goes, but this doesn t happen during the chest episodes. Who gnawed me?","It is possible that the gnawing pain in your stomach is caused by acid reflux, gastritis, ulcers, or other gastrointestinal issues. It is important to consult with a healthcare professional to determine the cause of your symptoms and receive appropriate treatment.",
I feel nauseous off and on and have a gnawing or hungry feeling in stomach. What kind of animal gnawed me?,"It is unlikely that an animal gnawed you. The symptoms you are experiencing, such as feeling nauseous and having a gnawing or hungry feeling in your stomach, are more likely related to a stomach issue or illness. It is recommended to consult a healthcare professional for a proper diagnosis and treatment.",
"I do have problems with heart palpitations, but my question is about right quadrant pain that I've been having for about 3 years. It radiates to back, it's a gnawing, chronic pain. Who gnawed me?","It is important to consult with a healthcare professional to determine the cause of your right quadrant pain. This type of pain could be related to various medical conditions such as gallbladder issues, liver problems, or gastrointestinal issues. It is not possible for someone to ""gnaw"" you causing this pain, so it is important to seek medical advice for a proper diagnosis and treatment.",
"Hi - had gallbladder removed 1 year ago.. still many stomach problems, gnawing pain upper right quadrant, then results in explosive diaherria and vomitting, horrible pain. Is the explosion caused by a dynamite?","No, the explosive diarrhea and vomiting are not caused by dynamite. These symptoms could be related to issues with digestion or other gastrointestinal problems following the removal of the gallbladder. It is important to consult with a healthcare provider to determine the underlying cause of these symptoms and receive appropriate treatment.",
"So because I have been nauseous and feeling a persistent gnawing throb in my upper right quadrant, I was sent to take a CT Scan. What kind of animal gnawed me?","It is unlikely that an animal gnawed you. The symptoms you are experiencing could be indicative of a medical issue such as gallbladder inflammation, liver problems, or gastrointestinal issues. It is important to follow up with your healthcare provider for a proper diagnosis and treatment.",
"Now I for past two weeks severe, gnawing pain lower right rib radiating over all of right side. Who gnawed me?","It is unlikely that someone actually gnawed on you. The pain you are experiencing could be due to a medical condition such as a muscle strain, rib injury, or even a digestive issue. It is important to see a healthcare professional for a proper diagnosis and treatment.",
"I am 45 years old, and 24 hours ago, I felt really sharp piercing pains above my left ear close to my temple area. Was the piercing caused by a spear?","It is highly unlikely that the piercing pain above your left ear close to your temple area was caused by a spear. It is more likely to be related to a medical condition such as a headache, migraine, tension, or sinus issue. If the pain persists or worsens, it is recommended to consult a healthcare professional for proper evaluation and diagnosis.",
"The spasms feel like gnawing every 2 seconds, and it's driving me insane. Do you require a driving license to insane?","No, you do not require a driving license to be insane. Insanity is a mental health condition and has nothing to do with driving. If you are experiencing spasms and feeling like gnawing every 2 seconds, it is important to seek medical help to address these symptoms.",
After a visit to the doctor's office I was given some anti-biotics and felt better generally except for a persistent gnawing at the top of my stomach. Who gnawed me?,"The gnawing sensation at the top of your stomach was likely caused by the antibiotics disrupting the balance of bacteria in your gut, leading to gastrointestinal issues such as stomach discomfort or indigestion. It was not caused by an actual creature gnawing at you. It is important to follow up with your doctor if the symptoms persist or worsen.",
This proved to be a mistake because after the run the gnawing sensation returned. What kind of animal gnawed me?,"It is likely that a rodent, such as a rat or a mouse, gnawed you. These animals are known for their gnawing behavior.",
"Also below the sternum I get very severe pain, burning, pressure like gnawing hunger type pains, that comes and goes last for a few minutes. How hot is the burn?","The intensity of the burning sensation can vary from person to person, but it is often described as a very intense, hot sensation. It can feel like a burning fire or like someone is holding a hot iron against your skin. If you are experiencing severe pain below the sternum, it is important to seek medical attention as soon as possible to determine the cause and receive appropriate treatment.",
"Also below the sternum I get very severe pain, burning, pressure like gnawing hunger type pains, that comes and goes last for a few minutes. Who gnawed me?","It is possible that the pain you are experiencing below the sternum is related to acid reflux, gastritis, or an ulcer. It is important to consult with a healthcare professional to determine the cause of your symptoms and receive appropriate treatment.",
"I have had this dull, piercing, or gnawing pain for almost three weeks on and off. What kind of animal gnawed me?","It is unlikely that an animal gnawed you, as animals typically do not cause dull, piercing, or gnawing pain. It is more likely that you are experiencing a medical issue such as a muscle strain, nerve pain, or a digestive issue. It is recommended that you consult with a healthcare professional to determine the cause of your pain.",
I have had moderate to severe abdominal pain (gnawing aching pain) that is more on the right and middle upper quadrant but at times aches on the left upper side. Who gnawed me?,"It is important to consult with a healthcare professional to determine the cause of your abdominal pain. It could be a number of things such as gastritis, gallstones, pancreatitis, or other gastrointestinal issues. Only a medical professional can provide an accurate diagnosis and appropriate treatment.",
I am feeling a sore swollen gnawing discomfort in my upper left abdomen. What kind of animal gnawed me?,"It is unlikely that an animal gnawed you in your upper left abdomen. The symptoms you are describing could be indicative of a medical issue such as gastritis, pancreatitis, or a stomach ulcer. It is recommended that you seek medical attention to properly diagnose and treat the source of your discomfort.",
"It s a dull, gnawing and sometimes burning pain in my lower right side abdomen. Can you sharpen the dull?","It is important to consult with a healthcare professional if you are experiencing a dull, gnawing, or burning pain in your lower right side abdomen. They can help determine the cause of the pain and provide appropriate treatment. Trying to ""sharpen"" the pain yourself could potentially worsen the situation.",
"It s a dull, gnawing and sometimes burning pain in my lower right side abdomen. Is it a dull knife?","No, the symptoms described do not sound like a dull knife. It is important to consult a medical professional to determine the cause of the pain in the lower right side abdomen. It could be related to various issues such as appendicitis, kidney stones, or gastrointestinal problems.",
Since March I have been experiencing an on or off pain behind my navel which is causing a lot of discomfort and I would describe it as a cramping or gnawing pain. Who gnawed me?,"It is unlikely that someone actually gnawed you. The sensation of gnawing pain behind your navel could be a symptom of various medical conditions such as gastritis, ulcers, irritable bowel syndrome, or other gastrointestinal issues. It is important to consult with a healthcare professional to determine the cause of your pain and receive appropriate treatment.",
I have a gnawing pain in my stomach that occurs after eating. What kind of animal gnawed me?,"It is unlikely that an animal gnawed you. The gnawing pain in your stomach after eating could be a symptom of a digestive issue such as acid reflux, gastritis, or an ulcer. It is recommended to consult a healthcare professional for a proper diagnosis and treatment.",
"The pain feels like a gnawing ache and lasts for about a week, then subsides, eventually goes away completely, and then a month or two later comes back. What kind of animal gnawed me?","Based on the description provided, it is unlikely that an animal gnawed you. The recurring nature of the pain suggests that it may be a medical issue such as a chronic condition or injury. It is recommended to consult a healthcare professional for a proper diagnosis and treatment.",
"The pain is constant, dull and gnawing. Who gnawed me?","It is likely that the sensation of constant, dull, and gnawing pain is not actually caused by someone physically gnawing on you. This type of pain is often associated with underlying medical conditions such as nerve damage, inflammation, or musculoskeletal issues. It is important to consult a healthcare professional to determine the cause of the pain and receive appropriate treatment.",
"My symptoms are gnawing in my stomach above my belly button, dull pain in same area, gets worse during the evening and night, eating does not help but it's similar to hunger pain so I eat to try and alleviate the discomfort, feel gassier then normal, no bloating, and get a shaky feeling in my legs. What kind of animal gnawed me?","Based on the symptoms described, it is likely that you are experiencing issues related to your digestive system rather than being gnawed by an animal. The symptoms suggest a possible stomach ulcer, gastritis, or acid reflux. It is important to consult with a healthcare professional for a proper diagnosis and treatment.",
I was standing at my stove when I got a gut dropping pan in my lower right abdomen an it felt like something was trying to fight its way out. Who is it?,"It is likely that you are experiencing severe abdominal pain, possibly due to a gastrointestinal issue or a muscle strain. It is recommended that you seek medical attention immediately to determine the cause of your pain and receive appropriate treatment.",
He has just had like an explosion feeling tonight in his lower left hand side and says the cramps move up and down that side of his lower body. Was the explosion caused by a dynamite?,"It is unlikely that the explosion feeling in his lower left side was caused by dynamite. It is more likely that he is experiencing severe cramps or muscle spasms in that area, which can cause a sensation of ""explosion"" or intense pain. It is recommended that he seeks medical attention to determine the cause of his symptoms.",
"When the pain triggers, my throat feels like it is closing, I get pain in my arms and my ears start to ring. My stomach seems to swell during the pain. Who closed it?","It is possible that you are experiencing symptoms of a panic attack or anxiety attack. These physical symptoms can be triggered by stress, fear, or other emotional factors. It is important to seek medical advice to determine the cause of your symptoms and to receive appropriate treatment.",
For 3 days now I have bad tummy pain passing small thin like stools and passing load smelly wind about 5 to 10 min apart feel like I have a ballon in my back passage. Do you pass the wind by hand?,"It is important to consult a healthcare professional if you are experiencing persistent tummy pain, passing small thin stools, and passing foul-smelling gas frequently. These symptoms could indicate a gastrointestinal issue that may require medical attention. It is not recommended to try to manually pass gas by hand as this can be harmful and may not address the underlying issue causing your symptoms.",
The pain is like someone has hit me in the stomach quiet hard usually at the pit of my stomach. How hard was the punch?,"It is difficult to determine the exact force of the punch without more information. However, based on the description of the pain being similar to someone hitting you in the stomach quite hard, it can be assumed that the punch was significant enough to cause noticeable pain and discomfort.",
"The pain is like a crampy, bloaty feeling that will flare up and then settle down, but really stays with me. Is the feeling angry?","No, the feeling described does not necessarily indicate anger. It sounds more like physical discomfort or pain, possibly related to digestive issues or menstrual cramps. It's important to consult a healthcare professional for a proper diagnosis and treatment.",
The pain is like a bad cramp. Who cramped it?,"It is not specified who cramped the pain, as the comparison is simply describing the sensation of the pain being similar to a bad cramp.",
I can not lay on my right side it feels like I am laying on a mass the size of a softball or a cantalope. Is it a church mass?,"No, it is not a church mass. It is likely a physical mass or lump in your body that is causing discomfort when you lay on your right side. It is recommended to consult a healthcare professional for further evaluation and diagnosis.",
The pain is like an ache that won't go away. How to convince it?,"To convince the pain to go away, you can try various methods such as taking pain medication, practicing relaxation techniques like deep breathing or meditation, applying heat or cold packs to the affected area, getting a massage, or seeking professional help from a doctor or physical therapist. It's important to listen to your body and find what works best for you in managing and alleviating the pain.",
It's been 4 days and now the pain is like spreading around the area of the direct hit. Is it spread with a knife?,It is unlikely that the pain spreading around the area of the direct hit is due to being spread with a knife. It is more likely that the pain is a result of inflammation or nerve irritation from the initial injury. It is important to seek medical attention to determine the cause of the spreading pain and receive appropriate treatment.,
"I have been hurting in my upper back for a day, or two, when I bend over to pick up something or get a pan out of my cabinet, the pain is like a stabbing, or shooting pain around my upper torso. How big is the knife?",It is important to note that the pain you are experiencing in your upper back is likely not caused by an actual knife. The description of stabbing or shooting pain is a common way to describe certain types of back pain. It is recommended that you consult with a healthcare professional to determine the cause of your pain and receive appropriate treatment.,
When I need to pass urine the pain is like a dull ache and it fells like I've got to go straight away or I'm in more pain. Do you pass the urine with hand?,"It is not recommended to pass urine with your hand. It is important to use the proper facilities such as a toilet or urinal to pass urine. If you are experiencing pain or urgency when passing urine, it is advisable to consult a healthcare professional for further evaluation and treatment.",
The pain is like a burning sensation & it radiates from top to lower part of right leg.. how hot is the burn?,"The burning sensation described in the question is likely quite intense, as it is radiating from the top to the lower part of the right leg. It may feel like a very hot burn, similar to touching a hot stove or being exposed to a flame. It is important to seek medical attention if experiencing this type of pain.",
The pain is like an injection being inserted into the buttock/ hip/ lower back. Is the injection caused by a needle or a pin?,"The pain described sounds more like it is caused by a needle rather than a pin. Needles are typically associated with injections into the buttock, hip, or lower back, while pins are usually smaller and not typically used for injections in those areas.",
There is also numbness as if cells and muscles are dying. Do you have to take them to a hospital?,"Yes, if someone is experiencing numbness as if cells and muscles are dying, it is important to seek medical attention immediately. This could be a sign of a serious medical condition that requires urgent treatment. It is better to be safe and have a healthcare professional evaluate the situation.",
"It's almost as if, once my lower back muscles are not in use they cramp up. Who cramped it?","It is likely that your lower back muscles cramped up due to lack of use and possibly poor posture or muscle imbalances. It is important to stay active, maintain good posture, and stretch regularly to prevent muscle cramps in the lower back. If the cramping persists or is severe, it is recommended to consult with a healthcare professional for further evaluation and treatment.",
3 days in a week I feel bloated companed by back pain as if I'm going back to labour. Is it work labour or pregnancy labour?,"If you are experiencing bloating and back pain similar to labor pains, but only on 3 days of the week, it is unlikely to be related to pregnancy labor. Pregnancy labor typically involves consistent and progressive contractions that lead to the birth of a baby. It is more likely that the bloating and back pain you are experiencing is related to other factors such as diet, stress, or a medical condition. It is recommended to consult with a healthcare provider to determine the cause of your symptoms.",
He claimed I had a deg disk and said by my x-rays it looked as if I had whiplash (neck). Is it caused by a drum?,"No, whiplash is not caused by a drum. Whiplash is a neck injury that occurs when the head is suddenly jerked forward and then backward, causing strain on the neck muscles and ligaments. It is commonly associated with car accidents, sports injuries, and physical abuse. A deg disk, or degenerative disc disease, is a condition where the discs between the vertebrae in the spine deteriorate over time, leading to pain and discomfort. It is not directly related to whiplash.",
It's difficult to inhale a large breath it feels as if it's pinching. Is the pinching caused by a crab or a lobster?,The pinching sensation when trying to inhale a large breath is not caused by a crab or a lobster. It is likely due to a respiratory issue or a physical obstruction in the airways. It is recommended to consult a medical professional for proper diagnosis and treatment.,
It feels as if someone has tied a rubber band at my elbow and I am just waiting for my arm to explode. Is the explosion caused by a dynamite?,"No, the sensation described is likely due to a condition called ""tennis elbow,"" which is inflammation of the tendons in the elbow. It is not actually an explosion, but rather a feeling of tightness and pain in the area. It is not caused by dynamite.",
"It felt as if someone was squeezing my knee all around it, but especially in the back of my knee. Who squeezed it?","It is possible that the sensation you felt was caused by a muscle spasm or cramp in your knee. This can happen due to various reasons such as dehydration, overuse, or muscle fatigue. If the sensation persists or becomes painful, it is recommended to consult a healthcare professional for further evaluation and treatment.",
I have pain in my left hand and my small finger sometimes it is like burning and sometimes as if someone is throwing water on my hand it is painful. How hot is the burn?,It is difficult to determine the exact temperature of the burn without further information or a medical examination. It is recommended to see a healthcare professional to properly assess and diagnose the cause of the pain and burning sensation in your left hand and small finger.,
I have pain in my left hand and my small finger sometimes it is like burning and sometimes as if someone is throwing water on my hand it is painful. How do you throw a water?,"To throw water, you simply need to pick up a container of water and then release it in a throwing motion towards the desired target. However, it is important to address the pain in your left hand and small finger first by seeking medical advice from a healthcare professional.",
Sometimes it feels as if someone hit my head with a baseball bat. How big was the baseball bat?,"It is not possible to determine the size of the baseball bat based on the feeling of being hit in the head. The sensation could be a result of various factors such as stress, fatigue, or a medical condition. If you are experiencing persistent or severe head pain, it is recommended to consult a healthcare professional for further evaluation.",
Now my right side hip hurts as if someone took a bat to it. Who takes the bat?,"It is not clear who or what is causing the pain in your right side hip. It could be due to a variety of reasons such as injury, muscle strain, arthritis, or other medical conditions. It is recommended to consult with a healthcare professional to determine the cause of the pain and receive appropriate treatment.",
"The pain is getting worse... not a sharp pain, but as if someone is pushing their finger into my shoulder blade. How do you push your finger into a shoulder blade?",It is not physically possible to push your finger into someone's shoulder blade as it is a bone covered by muscle and tissue. The sensation you are feeling may be due to muscle tension or a nerve issue. It is recommended to see a healthcare professional for a proper diagnosis and treatment.,
I feel as if someone is sitting on my chest and making it difficult to breathe. Who is sitting on my chest?,It is possible that you are experiencing symptoms of anxiety or a panic attack. It is important to seek medical attention if you are having difficulty breathing or chest pain.,
My leg shoots forward as if someone came up behind me and hit me there. Who hit me?,"It is possible that you experienced a muscle spasm or cramp in your leg, causing it to shoot forward suddenly. This can happen due to dehydration, muscle fatigue, or other factors. It is not necessarily the result of someone physically hitting you.",
"My hands were going numb, and it felt as if someone were ironing my left arm with a hot iron. What kind of iron is it?","The sensation described in the question is likely nerve pain or a symptom of a medical condition, rather than an actual iron being used. It is important to seek medical attention if experiencing these symptoms.",
It is as if someone hit my heel with a hammer. How big was the hammer?,"The size of the hammer is not specified in the question, so it is impossible to determine its exact size.",
It felt as if someone threw a baseball and hit my calf muscle. Who threw it?,It is not possible to determine who threw the baseball without further information.,
Since I have started back to work (I am a nurse) I have pains in my legs as if someone is stabbing me with a needle. How big was the needle?,It is difficult to determine the size of the needle causing the pain in your legs without further information or a medical examination. It is recommended that you consult with a healthcare professional to determine the cause of your leg pain and receive appropriate treatment.,
I have been experiencing a sharp pain on my big toe mostly on the left foot (sometimes both foot) as if someone were pinching-squeeze them. Who pinched me?,"It is possible that you are experiencing pain due to a condition such as gout, arthritis, or a nerve issue. It is recommended that you consult with a healthcare professional to determine the cause of your pain and receive appropriate treatment.",
My shoulder blades feel as if someone has been grabbing them and squeezing them. Who is squeezing me?,"It is likely that you are experiencing muscle tension or tightness in your shoulder blades, rather than someone physically squeezing them. This could be due to poor posture, stress, overuse of the muscles, or other factors. It is recommended to practice good posture, stretch regularly, and consider seeing a healthcare professional for further evaluation and treatment if the discomfort persists.",
Yesterday it felt as if someone has hit me on my eyebrow bone and my face on the right side felt numb. Who hit me?,"It is difficult to determine who hit you without more information. It could have been accidental or intentional, and the person responsible may or may not be known to you. If you are concerned about your safety, it is important to seek help from a trusted individual or authority figure.",
Pain in the back of my head as if someone punched me. Who punched me?,"It is not possible to determine who punched you based on the information provided. If you are experiencing sudden and severe pain in the back of your head, it is recommended to seek medical attention to determine the cause of the pain.",
"It's the pain that wakes me up, feels as if someone hit me with a hammer. What kind of hammer is it?","It is likely a metaphorical hammer, as the pain described is not actually caused by a physical hammer. It could be a way of expressing intense and sudden pain.",
"Pretty much not really able to walk or do any activities. As if someone pushes me to the left, to the right. Do they push you with hands or with something else?",It is unclear from the description provided whether the pushing is being done with hands or with something else. It could be helpful to seek medical advice to determine the cause of these symptoms.,
"My balance is unsteady, on the first day I felt like fainting, I was shaking but not because of chills or feeling cold, my head feels heavy as if someone gave me morphine. How much was the dosage?","It is not possible to determine the dosage of morphine based on the symptoms described. If you are experiencing these symptoms, it is important to seek medical attention immediately.",
"I have a strange feeling in my head, almost as though something is hitting my forehead from the inside. With what weapon?","It is important to consult a medical professional if you are experiencing a strange feeling in your head, as it could be a sign of a medical condition. It is not appropriate to think of it in terms of a weapon hitting your forehead. Please seek medical advice for proper evaluation and treatment.",
"In the phase between sleep and wake, when I'm just falling asleep or just waking up I feel as though my bed is shaking, like in an earthquake. How bad was the earthquake?",There was no actual earthquake. The sensation of your bed shaking during the phase between sleep and wake is a common occurrence known as a hypnic jerk or sleep start. It is a normal part of the sleep cycle and is not related to any seismic activity.,
Sometimes it feels as though my upper spine is going to just pop out especially with any sudden movement. Do you pop it with a needle or a pin?,"It is not recommended to try to pop your spine with a needle or pin. If you are experiencing discomfort or pain in your upper spine, it is best to consult with a healthcare professional such as a doctor or physical therapist for proper evaluation and treatment. They can provide you with appropriate recommendations and exercises to help alleviate your symptoms.",
At times my hands and arms feel like they are asleep and or I could be holding something in my hand and just drop it like my hand isn't even there. How to wake them up?,"This sensation is often referred to as ""pins and needles"" or numbness, and it is typically caused by poor circulation or pressure on a nerve. To wake up your hands and arms, you can try shaking them out, massaging them, or changing your position to relieve the pressure. Additionally, stretching or moving your arms and hands can help improve circulation and alleviate the numbness. If the sensation persists or becomes frequent, it is recommended to consult a healthcare professional for further evaluation.",
"When lifting my arms up or reaching something in my back, well the best way I can put it is, it feels as if something is pulling, snapping, and popping. Who is pulling, snapping and popping my back?","It is likely that the sensation of pulling, snapping, and popping in your back when lifting your arms or reaching for something is due to the movement of your muscles, tendons, and ligaments. This could be caused by tightness, weakness, or imbalances in these structures, leading to discomfort or unusual sensations when you move in certain ways. It is recommended to consult with a healthcare professional, such as a physical therapist or chiropractor, to assess your specific situation and provide guidance on how to address any issues causing these sensations.",
I also get a feeling in the mid to lower left side of head as if something is crawling. Who is it?,"It is difficult to determine who or what is causing the feeling of something crawling in the mid to lower left side of your head without more information. It could be a physical sensation related to a nerve issue, muscle tension, or even a skin condition. If the feeling persists or is accompanied by other symptoms, it is recommended to consult a healthcare professional for further evaluation and diagnosis.",
I also feel uncomfortable all the time as if something is moving in the urinary area I feel bit itchy at that part from within... who is it?,It is possible that you may have a urinary tract infection or another medical condition affecting your urinary system. It is important to consult with a healthcare professional to determine the cause of your discomfort and receive appropriate treatment.,
He also keeps wanting to touch/pat his pee-pee as if something bothers him there. Who bothered him?,"It is possible that the child is experiencing discomfort or irritation in his genital area, which is why he keeps wanting to touch or pat his pee-pee. It is important to monitor the situation and consult a healthcare professional if necessary to address any potential issues.",
The pain is like there is something that beats on the right side of my chest. Was it caused by a drumstick?,"It is possible that the pain in your chest was caused by a drumstick hitting you on the right side. However, chest pain can also be a symptom of various medical conditions, so it is important to seek medical attention to determine the cause of the pain.",
The pain is like something either stabbing me. How big was the knife?,It is not possible to determine the size of the knife based on the description provided. The sensation of pain can vary greatly depending on individual pain tolerance and the specific injury or condition causing the pain.,
"The pain is like a burning pain that can grind away for hours, sometime pain killers will give me relief, sometimes no. How hot is the burn?","The burn is described as a burning pain, so it can be assumed that it is quite hot. However, the intensity of the burn can vary depending on the individual's pain tolerance and the underlying cause of the pain.",
The pain is like a huge pressure/squeezing on my chest. Who is squeezing my chest?,"The sensation of pressure or squeezing on your chest could be caused by a variety of factors, such as anxiety, stress, muscle tension, heartburn, or a heart-related issue like a heart attack. It is important to consult with a healthcare professional to determine the cause of your symptoms and receive appropriate treatment.",
"My question; can the tramadol cause liver swelling, the pain is like a pinch inside under my rib. Who is pinching me?",Tramadol can potentially cause liver swelling as a rare side effect. The sensation of a pinch under your rib could be related to liver inflammation or swelling. It is important to consult with a healthcare provider to determine the cause of your symptoms and receive appropriate treatment.,
"It is still hurting, the pain is like a sharp pain closer to the side rather then the middle. Is it knife sharp or needle sharp?","It is more likely needle sharp, as a knife sharp pain would typically be more intense and severe.",
"the pain is like a sharp shooting, when i touch it it hurts worst any movement (crunch, side twist, etc) makes the pain go from mild to omg then back down to mild a few moments later. What type of gun is it?","The pain described sounds like a symptom of a pinched nerve, not a type of gun. It is important to seek medical attention to properly diagnose and treat the issue causing the pain.",
The pain is like inserting pin from inside belly and it lasts for 10-15 minutes but it is continuing for the last 7 years. How big is the pin?,It is unlikely that the pain is actually caused by a physical pin being inserted into the belly. The description provided is more likely a metaphor for the type of pain being experienced. It is important to consult a medical professional to determine the actual cause of the pain and receive appropriate treatment.,
The pain is like a crampy pain and when I pass gas it goes away but comes back almost instantly. Who cramped me?,"It is likely that the crampy pain is due to gas buildup in your digestive system, which is causing discomfort. Passing gas can help relieve the pressure temporarily, but the pain may return as more gas is produced. This is a common issue and can be caused by various factors such as eating certain foods, swallowing air, or digestive issues. It is not necessarily that someone ""cramped"" you, but rather a natural bodily process causing discomfort. If the pain persists or worsens, it is recommended to consult a healthcare professional for further evaluation and treatment.",
The pain is like I have pulled a muscle and do not want to move. Is it hand-pulled or with a machine?,"It is not specified in the question whether the muscle pain was caused by hand-pulling or using a machine. It could be either, depending on the specific situation or activity that led to the muscle strain.",
Now the pain is like clockwork... wakes her early in the am 5am or so and tends to be around a level 3 pain and lasts until early afternoon. Does the clockwork have an alarm?,"No, the clockwork does not have an alarm. The phrase ""like clockwork"" is used to describe something that happens regularly and predictably, similar to the ticking of a clock. In this case, the pain is occurring at the same time each day, like clockwork, without the need for an actual alarm.",
The pain is like a biting or pinching sensation. Who pinched me?,"It is possible that the sensation of pain is not actually caused by someone physically pinching you, but rather a nerve or muscle issue causing the sensation. It is recommended to seek medical advice to determine the cause of the pain.",
She said her poop no longer had spikes (meaning it doesn't hurt her has much when she has a poop). How sharp is the spike?,"The spike is likely not a physical object, but rather a metaphor for the discomfort or pain she was experiencing during bowel movements. Therefore, the spike is not a physical object with a measurable sharpness.",
It is like something moving from one place to another place with will return to its original place when I exhale not relax my abdominal muscle Who is moving?,"The answer is likely referring to the movement of the diaphragm muscle. When you inhale, the diaphragm contracts and moves downward, allowing the lungs to expand and fill with air. When you exhale and do not relax your abdominal muscles, the diaphragm moves back up to its original position, pushing air out of the lungs.",
It is like something is backing up and then suddenly releases. Who is backing up?,"The description provided suggests that the person or object backing up and then suddenly releasing could be a clogged drain or pipe. When something is blocking the flow of water or other substances, it can build up pressure until it is suddenly released, causing the blockage to clear.",
The best way to describe it is like something burst in my brain. Was the burst caused by a pipe?,"It is unlikely that the burst in your brain was caused by a pipe. A burst in the brain can be caused by various medical conditions such as an aneurysm, stroke, or brain hemorrhage. It is important to seek medical attention immediately if you experience symptoms like this.",
"It is like something had burst in my mouth, and my mouth tastes like poison taste. Was the burst caused by a pipe?","It is possible that the burst was caused by a burst pipe, especially if you are experiencing a poison taste in your mouth. It is important to seek medical attention immediately if you are experiencing these symptoms.",
Mostly feels like a discomfort as if something is trying to push my heart out of my chest. How far is the push?,"The sensation you are describing sounds like it could be related to anxiety or panic attacks. It is important to consult with a medical professional to determine the cause of this discomfort and to receive appropriate treatment. The feeling of something pushing on your heart may not actually be physical, but rather a manifestation of stress or anxiety. It is best to seek medical advice to address this issue.",
She feels as if something is being stretched. Is it strecthed by hand or with a machine?,"It is not specified in the question how the stretching is being done, so it could be either by hand or with a machine.",
I am also obese I always feel as if something is moving. Who is it?,"It is likely that the feeling of something moving is due to excess fat on the body, which can cause sensations of movement or shifting as you move around. It is important to consult with a healthcare provider to address any concerns related to obesity and any unusual sensations you may be experiencing.",
"Sometimes I have a heavy feeling in the left side of my lower front abdomen, as if something is in there. What is it?","It is difficult to diagnose the exact cause of your symptoms without a proper medical evaluation. However, some possible causes of a heavy feeling in the left side of the lower front abdomen could include issues with the intestines, such as constipation, gas, or irritable bowel syndrome. It could also be related to reproductive organs, such as ovarian cysts or endometriosis in women. In some cases, it could be a sign of a more serious condition, such as a hernia or diverticulitis. It is important to consult with a healthcare provider to determine the underlying cause and receive appropriate treatment.",
I feel pain on right side of my chest like especially when I'm walking under the heat of the sun. How big is the drum?,"It is important to consult a medical professional about your chest pain, as it could be a sign of a serious medical condition. The size of a drum is not relevant to your symptoms.",
The pain is like a pinch inside under my rib. What tool is used to pinch me?,It is likely that a doctor or healthcare provider would use a tool called forceps to pinch or grasp tissue during a medical examination or procedure.,
The pain is like inserting pin from inside belly and it lasts for 10-15 minutes but it is continuing for the last 7 years. How big is the pin?,It is unlikely that a physical pin is causing the pain described in the question. The sensation described may be indicative of a medical condition that should be evaluated by a healthcare professional.,